,animal_name,hair,feathers,eggs,milk,airborne,aquatic,predator,toothed,backbone,breathes,venomous,fins,legs,tail,domestic,catsize,class_type,Class_Number,Number_Of_Animal_Species_In_Class,Class_Type,Animal_Names
0,aardvark,1,0,0,1,0,0,1,1,1,1,0,0,4,0,0,1,1,1,41,Mammal,"aardvark, antelope, bear, boar, buffalo, calf, cavy, cheetah, deer, dolphin, elephant, fruitbat, giraffe, girl, goat, gorilla, hamster, hare, leopard, lion, lynx, mink, mole, mongoose, opossum, oryx, platypus, polecat, pony, porpoise, puma, pussycat, raccoon, reindeer, seal, sealion, squirrel, vampire, vole, wallaby, wolf"
1,antelope,1,0,0,1,0,0,0,1,1,1,0,0,4,1,0,1,1,1,41,Mammal,"aardvark, antelope, bear, boar, buffalo, calf, cavy, cheetah, deer, dolphin, elephant, fruitbat, giraffe, girl, goat, gorilla, hamster, hare, leopard, lion, lynx, mink, mole, mongoose, opossum, oryx, platypus, polecat, pony, porpoise, puma, pussycat, raccoon, reindeer, seal, sealion, squirrel, vampire, vole, wallaby, wolf"
2,bass,0,0,1,0,0,1,1,1,1,0,0,1,0,1,0,0,4,4,13,Fish,"bass, carp, catfish, chub, dogfish, haddock, herring, pike, piranha, seahorse, sole, stingray, tuna"
3,bear,1,0,0,1,0,0,1,1,1,1,0,0,4,0,0,1,1,1,41,Mammal,"aardvark, antelope, bear, boar, buffalo, calf, cavy, cheetah, deer, dolphin, elephant, fruitbat, giraffe, girl, goat, gorilla, hamster, hare, leopard, lion, lynx, mink, mole, mongoose, opossum, oryx, platypus, polecat, pony, porpoise, puma, pussycat, raccoon, reindeer, seal, sealion, squirrel, vampire, vole, wallaby, wolf"
4,boar,1,0,0,1,0,0,1,1,1,1,0,0,4,1,0,1,1,1,41,Mammal,"aardvark, antelope, bear, boar, buffalo, calf, cavy, cheetah, deer, dolphin, elephant, fruitbat, giraffe, girl, goat, gorilla, hamster, hare, leopard, lion, lynx, mink, mole, mongoose, opossum, oryx, platypus, polecat, pony, porpoise, puma, pussycat, raccoon, reindeer, seal, sealion, squirrel, vampire, vole, wallaby, wolf"
5,buffalo,1,0,0,1,0,0,0,1,1,1,0,0,4,1,0,1,1,1,41,Mammal,"aardvark, antelope, bear, boar, buffalo, calf, cavy, cheetah, deer, dolphin, elephant, fruitbat, giraffe, girl, goat, gorilla, hamster, hare, leopard, lion, lynx, mink, mole, mongoose, opossum, oryx, platypus, polecat, pony, porpoise, puma, pussycat, raccoon, reindeer, seal, sealion, squirrel, vampire, vole, wallaby, wolf"
6,calf,1,0,0,1,0,0,0,1,1,1,0,0,4,1,1,1,1,1,41,Mammal,"aardvark, antelope, bear, boar, buffalo, calf, cavy, cheetah, deer, dolphin, elephant, fruitbat, giraffe, girl, goat, gorilla, hamster, hare, leopard, lion, lynx, mink, mole, mongoose, opossum, oryx, platypus, polecat, pony, porpoise, puma, pussycat, raccoon, reindeer, seal, sealion, squirrel, vampire, vole, wallaby, wolf"
7,carp,0,0,1,0,0,1,0,1,1,0,0,1,0,1,1,0,4,4,13,Fish,"bass, carp, catfish, chub, dogfish, haddock, herring, pike, piranha, seahorse, sole, stingray, tuna"
8,catfish,0,0,1,0,0,1,1,1,1,0,0,1,0,1,0,0,4,4,13,Fish,"bass, carp, catfish, chub, dogfish, haddock, herring, pike, piranha, seahorse, sole, stingray, tuna"
9,cavy,1,0,0,1,0,0,0,1,1,1,0,0,4,0,1,0,1,1,41,Mammal,"aardvark, antelope, bear, boar, buffalo, calf, cavy, cheetah, deer, dolphin, elephant, fruitbat, giraffe, girl, goat, gorilla, hamster, hare, leopard, lion, lynx, mink, mole, mongoose, opossum, oryx, platypus, polecat, pony, porpoise, puma, pussycat, raccoon, reindeer, seal, sealion, squirrel, vampire, vole, wallaby, wolf"
10,cheetah,1,0,0,1,0,0,1,1,1,1,0,0,4,1,0,1,1,1,41,Mammal,"aardvark, antelope, bear, boar, buffalo, calf, cavy, cheetah, deer, dolphin, elephant, fruitbat, giraffe, girl, goat, gorilla, hamster, hare, leopard, lion, lynx, mink, mole, mongoose, opossum, oryx, platypus, polecat, pony, porpoise, puma, pussycat, raccoon, reindeer, seal, sealion, squirrel, vampire, vole, wallaby, wolf"
11,chicken,0,1,1,0,1,0,0,0,1,1,0,0,2,1,1,0,2,2,20,Bird,"chicken, crow, dove, duck, flamingo, gull, hawk, kiwi, lark, ostrich, parakeet, penguin, pheasant, rhea, skimmer, skua, sparrow, swan, vulture, wren"
12,chub,0,0,1,0,0,1,1,1,1,0,0,1,0,1,0,0,4,4,13,Fish,"bass, carp, catfish, chub, dogfish, haddock, herring, pike, piranha, seahorse, sole, stingray, tuna"
13,clam,0,0,1,0,0,0,1,0,0,0,0,0,0,0,0,0,7,7,10,Invertebrate,"clam, crab, crayfish, lobster, octopus, scorpion, seawasp, slug, starfish, worm"
14,crab,0,0,1,0,0,1,1,0,0,0,0,0,4,0,0,0,7,7,10,Invertebrate,"clam, crab, crayfish, lobster, octopus, scorpion, seawasp, slug, starfish, worm"
15,crayfish,0,0,1,0,0,1,1,0,0,0,0,0,6,0,0,0,7,7,10,Invertebrate,"clam, crab, crayfish, lobster, octopus, scorpion, seawasp, slug, starfish, worm"
16,crow,0,1,1,0,1,0,1,0,1,1,0,0,2,1,0,0,2,2,20,Bird,"chicken, crow, dove, duck, flamingo, gull, hawk, kiwi, lark, ostrich, parakeet, penguin, pheasant, rhea, skimmer, skua, sparrow, swan, vulture, wren"
17,deer,1,0,0,1,0,0,0,1,1,1,0,0,4,1,0,1,1,1,41,Mammal,"aardvark, antelope, bear, boar, buffalo, calf, cavy, cheetah, deer, dolphin, elephant, fruitbat, giraffe, girl, goat, gorilla, hamster, hare, leopard, lion, lynx, mink, mole, mongoose, opossum, oryx, platypus, polecat, pony, porpoise, puma, pussycat, raccoon, reindeer, seal, sealion, squirrel, vampire, vole, wallaby, wolf"
18,dogfish,0,0,1,0,0,1,1,1,1,0,0,1,0,1,0,1,4,4,13,Fish,"bass, carp, catfish, chub, dogfish, haddock, herring, pike, piranha, seahorse, sole, stingray, tuna"
19,dolphin,0,0,0,1,0,1,1,1,1,1,0,1,0,1,0,1,1,1,41,Mammal,"aardvark, antelope, bear, boar, buffalo, calf, cavy, cheetah, deer, dolphin, elephant, fruitbat, giraffe, girl, goat, gorilla, hamster, hare, leopard, lion, lynx, mink, mole, mongoose, opossum, oryx, platypus, polecat, pony, porpoise, puma, pussycat, raccoon, reindeer, seal, sealion, squirrel, vampire, vole, wallaby, wolf"
20,dove,0,1,1,0,1,0,0,0,1,1,0,0,2,1,1,0,2,2,20,Bird,"chicken, crow, dove, duck, flamingo, gull, hawk, kiwi, lark, ostrich, parakeet, penguin, pheasant, rhea, skimmer, skua, sparrow, swan, vulture, wren"
21,duck,0,1,1,0,1,1,0,0,1,1,0,0,2,1,0,0,2,2,20,Bird,"chicken, crow, dove, duck, flamingo, gull, hawk, kiwi, lark, ostrich, parakeet, penguin, pheasant, rhea, skimmer, skua, sparrow, swan, vulture, wren"
22,elephant,1,0,0,1,0,0,0,1,1,1,0,0,4,1,0,1,1,1,41,Mammal,"aardvark, antelope, bear, boar, buffalo, calf, cavy, cheetah, deer, dolphin, elephant, fruitbat, giraffe, girl, goat, gorilla, hamster, hare, leopard, lion, lynx, mink, mole, mongoose, opossum, oryx, platypus, polecat, pony, porpoise, puma, pussycat, raccoon, reindeer, seal, sealion, squirrel, vampire, vole, wallaby, wolf"
23,flamingo,0,1,1,0,1,0,0,0,1,1,0,0,2,1,0,1,2,2,20,Bird,"chicken, crow, dove, duck, flamingo, gull, hawk, kiwi, lark, ostrich, parakeet, penguin, pheasant, rhea, skimmer, skua, sparrow, swan, vulture, wren"
24,flea,0,0,1,0,0,0,0,0,0,1,0,0,6,0,0,0,6,6,8,Bug,"flea, gnat, honeybee, housefly, ladybird, moth, termite, wasp"
25,frog,0,0,1,0,0,1,1,1,1,1,0,0,4,0,0,0,5,5,4,Amphibian,"frog, frog, newt, toad"
26,frog,0,0,1,0,0,1,1,1,1,1,1,0,4,0,0,0,5,5,4,Amphibian,"frog, frog, newt, toad"
27,fruitbat,1,0,0,1,1,0,0,1,1,1,0,0,2,1,0,0,1,1,41,Mammal,"aardvark, antelope, bear, boar, buffalo, calf, cavy, cheetah, deer, dolphin, elephant, fruitbat, giraffe, girl, goat, gorilla, hamster, hare, leopard, lion, lynx, mink, mole, mongoose, opossum, oryx, platypus, polecat, pony, porpoise, puma, pussycat, raccoon, reindeer, seal, sealion, squirrel, vampire, vole, wallaby, wolf"
28,giraffe,1,0,0,1,0,0,0,1,1,1,0,0,4,1,0,1,1,1,41,Mammal,"aardvark, antelope, bear, boar, buffalo, calf, cavy, cheetah, deer, dolphin, elephant, fruitbat, giraffe, girl, goat, gorilla, hamster, hare, leopard, lion, lynx, mink, mole, mongoose, opossum, oryx, platypus, polecat, pony, porpoise, puma, pussycat, raccoon, reindeer, seal, sealion, squirrel, vampire, vole, wallaby, wolf"
29,girl,1,0,0,1,0,0,1,1,1,1,0,0,2,0,1,1,1,1,41,Mammal,"aardvark, antelope, bear, boar, buffalo, calf, cavy, cheetah, deer, dolphin, elephant, fruitbat, giraffe, girl, goat, gorilla, hamster, hare, leopard, lion, lynx, mink, mole, mongoose, opossum, oryx, platypus, polecat, pony, porpoise, puma, pussycat, raccoon, reindeer, seal, sealion, squirrel, vampire, vole, wallaby, wolf"
30,gnat,0,0,1,0,1,0,0,0,0,1,0,0,6,0,0,0,6,6,8,Bug,"flea, gnat, honeybee, housefly, ladybird, moth, termite, wasp"
31,goat,1,0,0,1,0,0,0,1,1,1,0,0,4,1,1,1,1,1,41,Mammal,"aardvark, antelope, bear, boar, buffalo, calf, cavy, cheetah, deer, dolphin, elephant, fruitbat, giraffe, girl, goat, gorilla, hamster, hare, leopard, lion, lynx, mink, mole, mongoose, opossum, oryx, platypus, polecat, pony, porpoise, puma, pussycat, raccoon, reindeer, seal, sealion, squirrel, vampire, vole, wallaby, wolf"
32,gorilla,1,0,0,1,0,0,0,1,1,1,0,0,2,0,0,1,1,1,41,Mammal,"aardvark, antelope, bear, boar, buffalo, calf, cavy, cheetah, deer, dolphin, elephant, fruitbat, giraffe, girl, goat, gorilla, hamster, hare, leopard, lion, lynx, mink, mole, mongoose, opossum, oryx, platypus, polecat, pony, porpoise, puma, pussycat, raccoon, reindeer, seal, sealion, squirrel, vampire, vole, wallaby, wolf"
33,gull,0,1,1,0,1,1,1,0,1,1,0,0,2,1,0,0,2,2,20,Bird,"chicken, crow, dove, duck, flamingo, gull, hawk, kiwi, lark, ostrich, parakeet, penguin, pheasant, rhea, skimmer, skua, sparrow, swan, vulture, wren"
34,haddock,0,0,1,0,0,1,0,1,1,0,0,1,0,1,0,0,4,4,13,Fish,"bass, carp, catfish, chub, dogfish, haddock, herring, pike, piranha, seahorse, sole, stingray, tuna"
35,hamster,1,0,0,1,0,0,0,1,1,1,0,0,4,1,1,0,1,1,41,Mammal,"aardvark, antelope, bear, boar, buffalo, calf, cavy, cheetah, deer, dolphin, elephant, fruitbat, giraffe, girl, goat, gorilla, hamster, hare, leopard, lion, lynx, mink, mole, mongoose, opossum, oryx, platypus, polecat, pony, porpoise, puma, pussycat, raccoon, reindeer, seal, sealion, squirrel, vampire, vole, wallaby, wolf"
36,hare,1,0,0,1,0,0,0,1,1,1,0,0,4,1,0,0,1,1,41,Mammal,"aardvark, antelope, bear, boar, buffalo, calf, cavy, cheetah, deer, dolphin, elephant, fruitbat, giraffe, girl, goat, gorilla, hamster, hare, leopard, lion, lynx, mink, mole, mongoose, opossum, oryx, platypus, polecat, pony, porpoise, puma, pussycat, raccoon, reindeer, seal, sealion, squirrel, vampire, vole, wallaby, wolf"
37,hawk,0,1,1,0,1,0,1,0,1,1,0,0,2,1,0,0,2,2,20,Bird,"chicken, crow, dove, duck, flamingo, gull, hawk, kiwi, lark, ostrich, parakeet, penguin, pheasant, rhea, skimmer, skua, sparrow, swan, vulture, wren"
38,herring,0,0,1,0,0,1,1,1,1,0,0,1,0,1,0,0,4,4,13,Fish,"bass, carp, catfish, chub, dogfish, haddock, herring, pike, piranha, seahorse, sole, stingray, tuna"
39,honeybee,1,0,1,0,1,0,0,0,0,1,1,0,6,0,1,0,6,6,8,Bug,"flea, gnat, honeybee, housefly, ladybird, moth, termite, wasp"
40,housefly,1,0,1,0,1,0,0,0,0,1,0,0,6,0,0,0,6,6,8,Bug,"flea, gnat, honeybee, housefly, ladybird, moth, termite, wasp"
41,kiwi,0,1,1,0,0,0,1,0,1,1,0,0,2,1,0,0,2,2,20,Bird,"chicken, crow, dove, duck, flamingo, gull, hawk, kiwi, lark, ostrich, parakeet, penguin, pheasant, rhea, skimmer, skua, sparrow, swan, vulture, wren"
42,ladybird,0,0,1,0,1,0,1,0,0,1,0,0,6,0,0,0,6,6,8,Bug,"flea, gnat, honeybee, housefly, ladybird, moth, termite, wasp"
43,lark,0,1,1,0,1,0,0,0,1,1,0,0,2,1,0,0,2,2,20,Bird,"chicken, crow, dove, duck, flamingo, gull, hawk, kiwi, lark, ostrich, parakeet, penguin, pheasant, rhea, skimmer, skua, sparrow, swan, vulture, wren"
44,leopard,1,0,0,1,0,0,1,1,1,1,0,0,4,1,0,1,1,1,41,Mammal,"aardvark, antelope, bear, boar, buffalo, calf, cavy, cheetah, deer, dolphin, elephant, fruitbat, giraffe, girl, goat, gorilla, hamster, hare, leopard, lion, lynx, mink, mole, mongoose, opossum, oryx, platypus, polecat, pony, porpoise, puma, pussycat, raccoon, reindeer, seal, sealion, squirrel, vampire, vole, wallaby, wolf"
45,lion,1,0,0,1,0,0,1,1,1,1,0,0,4,1,0,1,1,1,41,Mammal,"aardvark, antelope, bear, boar, buffalo, calf, cavy, cheetah, deer, dolphin, elephant, fruitbat, giraffe, girl, goat, gorilla, hamster, hare, leopard, lion, lynx, mink, mole, mongoose, opossum, oryx, platypus, polecat, pony, porpoise, puma, pussycat, raccoon, reindeer, seal, sealion, squirrel, vampire, vole, wallaby, wolf"
46,lobster,0,0,1,0,0,1,1,0,0,0,0,0,6,0,0,0,7,7,10,Invertebrate,"clam, crab, crayfish, lobster, octopus, scorpion, seawasp, slug, starfish, worm"
47,lynx,1,0,0,1,0,0,1,1,1,1,0,0,4,1,0,1,1,1,41,Mammal,"aardvark, antelope, bear, boar, buffalo, calf, cavy, cheetah, deer, dolphin, elephant, fruitbat, giraffe, girl, goat, gorilla, hamster, hare, leopard, lion, lynx, mink, mole, mongoose, opossum, oryx, platypus, polecat, pony, porpoise, puma, pussycat, raccoon, reindeer, seal, sealion, squirrel, vampire, vole, wallaby, wolf"
48,mink,1,0,0,1,0,1,1,1,1,1,0,0,4,1,0,1,1,1,41,Mammal,"aardvark, antelope, bear, boar, buffalo, calf, cavy, cheetah, deer, dolphin, elephant, fruitbat, giraffe, girl, goat, gorilla, hamster, hare, leopard, lion, lynx, mink, mole, mongoose, opossum, oryx, platypus, polecat, pony, porpoise, puma, pussycat, raccoon, reindeer, seal, sealion, squirrel, vampire, vole, wallaby, wolf"
49,mole,1,0,0,1,0,0,1,1,1,1,0,0,4,1,0,0,1,1,41,Mammal,"aardvark, antelope, bear, boar, buffalo, calf, cavy, cheetah, deer, dolphin, elephant, fruitbat, giraffe, girl, goat, gorilla, hamster, hare, leopard, lion, lynx, mink, mole, mongoose, opossum, oryx, platypus, polecat, pony, porpoise, puma, pussycat, raccoon, reindeer, seal, sealion, squirrel, vampire, vole, wallaby, wolf"
50,mongoose,1,0,0,1,0,0,1,1,1,1,0,0,4,1,0,1,1,1,41,Mammal,"aardvark, antelope, bear, boar, buffalo, calf, cavy, cheetah, deer, dolphin, elephant, fruitbat, giraffe, girl, goat, gorilla, hamster, hare, leopard, lion, lynx, mink, mole, mongoose, opossum, oryx, platypus, polecat, pony, porpoise, puma, pussycat, raccoon, reindeer, seal, sealion, squirrel, vampire, vole, wallaby, wolf"
51,moth,1,0,1,0,1,0,0,0,0,1,0,0,6,0,0,0,6,6,8,Bug,"flea, gnat, honeybee, housefly, ladybird, moth, termite, wasp"
52,newt,0,0,1,0,0,1,1,1,1,1,0,0,4,1,0,0,5,5,4,Amphibian,"frog, frog, newt, toad"
53,octopus,0,0,1,0,0,1,1,0,0,0,0,0,8,0,0,1,7,7,10,Invertebrate,"clam, crab, crayfish, lobster, octopus, scorpion, seawasp, slug, starfish, worm"
54,opossum,1,0,0,1,0,0,1,1,1,1,0,0,4,1,0,0,1,1,41,Mammal,"aardvark, antelope, bear, boar, buffalo, calf, cavy, cheetah, deer, dolphin, elephant, fruitbat, giraffe, girl, goat, gorilla, hamster, hare, leopard, lion, lynx, mink, mole, mongoose, opossum, oryx, platypus, polecat, pony, porpoise, puma, pussycat, raccoon, reindeer, seal, sealion, squirrel, vampire, vole, wallaby, wolf"
55,oryx,1,0,0,1,0,0,0,1,1,1,0,0,4,1,0,1,1,1,41,Mammal,"aardvark, antelope, bear, boar, buffalo, calf, cavy, cheetah, deer, dolphin, elephant, fruitbat, giraffe, girl, goat, gorilla, hamster, hare, leopard, lion, lynx, mink, mole, mongoose, opossum, oryx, platypus, polecat, pony, porpoise, puma, pussycat, raccoon, reindeer, seal, sealion, squirrel, vampire, vole, wallaby, wolf"
56,ostrich,0,1,1,0,0,0,0,0,1,1,0,0,2,1,0,1,2,2,20,Bird,"chicken, crow, dove, duck, flamingo, gull, hawk, kiwi, lark, ostrich, parakeet, penguin, pheasant, rhea, skimmer, skua, sparrow, swan, vulture, wren"
57,parakeet,0,1,1,0,1,0,0,0,1,1,0,0,2,1,1,0,2,2,20,Bird,"chicken, crow, dove, duck, flamingo, gull, hawk, kiwi, lark, ostrich, parakeet, penguin, pheasant, rhea, skimmer, skua, sparrow, swan, vulture, wren"
58,penguin,0,1,1,0,0,1,1,0,1,1,0,0,2,1,0,1,2,2,20,Bird,"chicken, crow, dove, duck, flamingo, gull, hawk, kiwi, lark, ostrich, parakeet, penguin, pheasant, rhea, skimmer, skua, sparrow, swan, vulture, wren"
59,pheasant,0,1,1,0,1,0,0,0,1,1,0,0,2,1,0,0,2,2,20,Bird,"chicken, crow, dove, duck, flamingo, gull, hawk, kiwi, lark, ostrich, parakeet, penguin, pheasant, rhea, skimmer, skua, sparrow, swan, vulture, wren"
60,pike,0,0,1,0,0,1,1,1,1,0,0,1,0,1,0,1,4,4,13,Fish,"bass, carp, catfish, chub, dogfish, haddock, herring, pike, piranha, seahorse, sole, stingray, tuna"
61,piranha,0,0,1,0,0,1,1,1,1,0,0,1,0,1,0,0,4,4,13,Fish,"bass, carp, catfish, chub, dogfish, haddock, herring, pike, piranha, seahorse, sole, stingray, tuna"
62,pitviper,0,0,1,0,0,0,1,1,1,1,1,0,0,1,0,0,3,3,5,Reptile,"pitviper, seasnake, slowworm, tortoise, tuatara"
63,platypus,1,0,1,1,0,1,1,0,1,1,0,0,4,1,0,1,1,1,41,Mammal,"aardvark, antelope, bear, boar, buffalo, calf, cavy, cheetah, deer, dolphin, elephant, fruitbat, giraffe, girl, goat, gorilla, hamster, hare, leopard, lion, lynx, mink, mole, mongoose, opossum, oryx, platypus, polecat, pony, porpoise, puma, pussycat, raccoon, reindeer, seal, sealion, squirrel, vampire, vole, wallaby, wolf"
64,polecat,1,0,0,1,0,0,1,1,1,1,0,0,4,1,0,1,1,1,41,Mammal,"aardvark, antelope, bear, boar, buffalo, calf, cavy, cheetah, deer, dolphin, elephant, fruitbat, giraffe, girl, goat, gorilla, hamster, hare, leopard, lion, lynx, mink, mole, mongoose, opossum, oryx, platypus, polecat, pony, porpoise, puma, pussycat, raccoon, reindeer, seal, sealion, squirrel, vampire, vole, wallaby, wolf"
65,pony,1,0,0,1,0,0,0,1,1,1,0,0,4,1,1,1,1,1,41,Mammal,"aardvark, antelope, bear, boar, buffalo, calf, cavy, cheetah, deer, dolphin, elephant, fruitbat, giraffe, girl, goat, gorilla, hamster, hare, leopard, lion, lynx, mink, mole, mongoose, opossum, oryx, platypus, polecat, pony, porpoise, puma, pussycat, raccoon, reindeer, seal, sealion, squirrel, vampire, vole, wallaby, wolf"
66,porpoise,0,0,0,1,0,1,1,1,1,1,0,1,0,1,0,1,1,1,41,Mammal,"aardvark, antelope, bear, boar, buffalo, calf, cavy, cheetah, deer, dolphin, elephant, fruitbat, giraffe, girl, goat, gorilla, hamster, hare, leopard, lion, lynx, mink, mole, mongoose, opossum, oryx, platypus, polecat, pony, porpoise, puma, pussycat, raccoon, reindeer, seal, sealion, squirrel, vampire, vole, wallaby, wolf"
67,puma,1,0,0,1,0,0,1,1,1,1,0,0,4,1,0,1,1,1,41,Mammal,"aardvark, antelope, bear, boar, buffalo, calf, cavy, cheetah, deer, dolphin, elephant, fruitbat, giraffe, girl, goat, gorilla, hamster, hare, leopard, lion, lynx, mink, mole, mongoose, opossum, oryx, platypus, polecat, pony, porpoise, puma, pussycat, raccoon, reindeer, seal, sealion, squirrel, vampire, vole, wallaby, wolf"
68,pussycat,1,0,0,1,0,0,1,1,1,1,0,0,4,1,1,1,1,1,41,Mammal,"aardvark, antelope, bear, boar, buffalo, calf, cavy, cheetah, deer, dolphin, elephant, fruitbat, giraffe, girl, goat, gorilla, hamster, hare, leopard, lion, lynx, mink, mole, mongoose, opossum, oryx, platypus, polecat, pony, porpoise, puma, pussycat, raccoon, reindeer, seal, sealion, squirrel, vampire, vole, wallaby, wolf"
69,raccoon,1,0,0,1,0,0,1,1,1,1,0,0,4,1,0,1,1,1,41,Mammal,"aardvark, antelope, bear, boar, buffalo, calf, cavy, cheetah, deer, dolphin, elephant, fruitbat, giraffe, girl, goat, gorilla, hamster, hare, leopard, lion, lynx, mink, mole, mongoose, opossum, oryx, platypus, polecat, pony, porpoise, puma, pussycat, raccoon, reindeer, seal, sealion, squirrel, vampire, vole, wallaby, wolf"
70,reindeer,1,0,0,1,0,0,0,1,1,1,0,0,4,1,1,1,1,1,41,Mammal,"aardvark, antelope, bear, boar, buffalo, calf, cavy, cheetah, deer, dolphin, elephant, fruitbat, giraffe, girl, goat, gorilla, hamster, hare, leopard, lion, lynx, mink, mole, mongoose, opossum, oryx, platypus, polecat, pony, porpoise, puma, pussycat, raccoon, reindeer, seal, sealion, squirrel, vampire, vole, wallaby, wolf"
71,rhea,0,1,1,0,0,0,1,0,1,1,0,0,2,1,0,1,2,2,20,Bird,"chicken, crow, dove, duck, flamingo, gull, hawk, kiwi, lark, ostrich, parakeet, penguin, pheasant, rhea, skimmer, skua, sparrow, swan, vulture, wren"
72,scorpion,0,0,0,0,0,0,1,0,0,1,1,0,8,1,0,0,7,7,10,Invertebrate,"clam, crab, crayfish, lobster, octopus, scorpion, seawasp, slug, starfish, worm"
73,seahorse,0,0,1,0,0,1,0,1,1,0,0,1,0,1,0,0,4,4,13,Fish,"bass, carp, catfish, chub, dogfish, haddock, herring, pike, piranha, seahorse, sole, stingray, tuna"
74,seal,1,0,0,1,0,1,1,1,1,1,0,1,0,0,0,1,1,1,41,Mammal,"aardvark, antelope, bear, boar, buffalo, calf, cavy, cheetah, deer, dolphin, elephant, fruitbat, giraffe, girl, goat, gorilla, hamster, hare, leopard, lion, lynx, mink, mole, mongoose, opossum, oryx, platypus, polecat, pony, porpoise, puma, pussycat, raccoon, reindeer, seal, sealion, squirrel, vampire, vole, wallaby, wolf"
75,sealion,1,0,0,1,0,1,1,1,1,1,0,1,2,1,0,1,1,1,41,Mammal,"aardvark, antelope, bear, boar, buffalo, calf, cavy, cheetah, deer, dolphin, elephant, fruitbat, giraffe, girl, goat, gorilla, hamster, hare, leopard, lion, lynx, mink, mole, mongoose, opossum, oryx, platypus, polecat, pony, porpoise, puma, pussycat, raccoon, reindeer, seal, sealion, squirrel, vampire, vole, wallaby, wolf"
76,seasnake,0,0,0,0,0,1,1,1,1,0,1,0,0,1,0,0,3,3,5,Reptile,"pitviper, seasnake, slowworm, tortoise, tuatara"
77,seawasp,0,0,1,0,0,1,1,0,0,0,1,0,0,0,0,0,7,7,10,Invertebrate,"clam, crab, crayfish, lobster, octopus, scorpion, seawasp, slug, starfish, worm"
78,skimmer,0,1,1,0,1,1,1,0,1,1,0,0,2,1,0,0,2,2,20,Bird,"chicken, crow, dove, duck, flamingo, gull, hawk, kiwi, lark, ostrich, parakeet, penguin, pheasant, rhea, skimmer, skua, sparrow, swan, vulture, wren"
79,skua,0,1,1,0,1,1,1,0,1,1,0,0,2,1,0,0,2,2,20,Bird,"chicken, crow, dove, duck, flamingo, gull, hawk, kiwi, lark, ostrich, parakeet, penguin, pheasant, rhea, skimmer, skua, sparrow, swan, vulture, wren"
80,slowworm,0,0,1,0,0,0,1,1,1,1,0,0,0,1,0,0,3,3,5,Reptile,"pitviper, seasnake, slowworm, tortoise, tuatara"
81,slug,0,0,1,0,0,0,0,0,0,1,0,0,0,0,0,0,7,7,10,Invertebrate,"clam, crab, crayfish, lobster, octopus, scorpion, seawasp, slug, starfish, worm"
82,sole,0,0,1,0,0,1,0,1,1,0,0,1,0,1,0,0,4,4,13,Fish,"bass, carp, catfish, chub, dogfish, haddock, herring, pike, piranha, seahorse, sole, stingray, tuna"
83,sparrow,0,1,1,0,1,0,0,0,1,1,0,0,2,1,0,0,2,2,20,Bird,"chicken, crow, dove, duck, flamingo, gull, hawk, kiwi, lark, ostrich, parakeet, penguin, pheasant, rhea, skimmer, skua, sparrow, swan, vulture, wren"
84,squirrel,1,0,0,1,0,0,0,1,1,1,0,0,2,1,0,0,1,1,41,Mammal,"aardvark, antelope, bear, boar, buffalo, calf, cavy, cheetah, deer, dolphin, elephant, fruitbat, giraffe, girl, goat, gorilla, hamster, hare, leopard, lion, lynx, mink, mole, mongoose, opossum, oryx, platypus, polecat, pony, porpoise, puma, pussycat, raccoon, reindeer, seal, sealion, squirrel, vampire, vole, wallaby, wolf"
85,starfish,0,0,1,0,0,1,1,0,0,0,0,0,5,0,0,0,7,7,10,Invertebrate,"clam, crab, crayfish, lobster, octopus, scorpion, seawasp, slug, starfish, worm"
86,stingray,0,0,1,0,0,1,1,1,1,0,1,1,0,1,0,1,4,4,13,Fish,"bass, carp, catfish, chub, dogfish, haddock, herring, pike, piranha, seahorse, sole, stingray, tuna"
87,swan,0,1,1,0,1,1,0,0,1,1,0,0,2,1,0,1,2,2,20,Bird,"chicken, crow, dove, duck, flamingo, gull, hawk, kiwi, lark, ostrich, parakeet, penguin, pheasant, rhea, skimmer, skua, sparrow, swan, vulture, wren"
88,termite,0,0,1,0,0,0,0,0,0,1,0,0,6,0,0,0,6,6,8,Bug,"flea, gnat, honeybee, housefly, ladybird, moth, termite, wasp"
89,toad,0,0,1,0,0,1,0,1,1,1,0,0,4,0,0,0,5,5,4,Amphibian,"frog, frog, newt, toad"
90,tortoise,0,0,1,0,0,0,0,0,1,1,0,0,4,1,0,1,3,3,5,Reptile,"pitviper, seasnake, slowworm, tortoise, tuatara"
91,tuatara,0,0,1,0,0,0,1,1,1,1,0,0,4,1,0,0,3,3,5,Reptile,"pitviper, seasnake, slowworm, tortoise, tuatara"
92,tuna,0,0,1,0,0,1,1,1,1,0,0,1,0,1,0,1,4,4,13,Fish,"bass, carp, catfish, chub, dogfish, haddock, herring, pike, piranha, seahorse, sole, stingray, tuna"
93,vampire,1,0,0,1,1,0,0,1,1,1,0,0,2,1,0,0,1,1,41,Mammal,"aardvark, antelope, bear, boar, buffalo, calf, cavy, cheetah, deer, dolphin, elephant, fruitbat, giraffe, girl, goat, gorilla, hamster, hare, leopard, lion, lynx, mink, mole, mongoose, opossum, oryx, platypus, polecat, pony, porpoise, puma, pussycat, raccoon, reindeer, seal, sealion, squirrel, vampire, vole, wallaby, wolf"
94,vole,1,0,0,1,0,0,0,1,1,1,0,0,4,1,0,0,1,1,41,Mammal,"aardvark, antelope, bear, boar, buffalo, calf, cavy, cheetah, deer, dolphin, elephant, fruitbat, giraffe, girl, goat, gorilla, hamster, hare, leopard, lion, lynx, mink, mole, mongoose, opossum, oryx, platypus, polecat, pony, porpoise, puma, pussycat, raccoon, reindeer, seal, sealion, squirrel, vampire, vole, wallaby, wolf"
95,vulture,0,1,1,0,1,0,1,0,1,1,0,0,2,1,0,1,2,2,20,Bird,"chicken, crow, dove, duck, flamingo, gull, hawk, kiwi, lark, ostrich, parakeet, penguin, pheasant, rhea, skimmer, skua, sparrow, swan, vulture, wren"
96,wallaby,1,0,0,1,0,0,0,1,1,1,0,0,2,1,0,1,1,1,41,Mammal,"aardvark, antelope, bear, boar, buffalo, calf, cavy, cheetah, deer, dolphin, elephant, fruitbat, giraffe, girl, goat, gorilla, hamster, hare, leopard, lion, lynx, mink, mole, mongoose, opossum, oryx, platypus, polecat, pony, porpoise, puma, pussycat, raccoon, reindeer, seal, sealion, squirrel, vampire, vole, wallaby, wolf"
97,wasp,1,0,1,0,1,0,0,0,0,1,1,0,6,0,0,0,6,6,8,Bug,"flea, gnat, honeybee, housefly, ladybird, moth, termite, wasp"
98,wolf,1,0,0,1,0,0,1,1,1,1,0,0,4,1,0,1,1,1,41,Mammal,"aardvark, antelope, bear, boar, buffalo, calf, cavy, cheetah, deer, dolphin, elephant, fruitbat, giraffe, girl, goat, gorilla, hamster, hare, leopard, lion, lynx, mink, mole, mongoose, opossum, oryx, platypus, polecat, pony, porpoise, puma, pussycat, raccoon, reindeer, seal, sealion, squirrel, vampire, vole, wallaby, wolf"
99,worm,0,0,1,0,0,0,0,0,0,1,0,0,0,0,0,0,7,7,10,Invertebrate,"clam, crab, crayfish, lobster, octopus, scorpion, seawasp, slug, starfish, worm"
100,wren,0,1,1,0,1,0,0,0,1,1,0,0,2,1,0,0,2,2,20,Bird,"chicken, crow, dove, duck, flamingo, gull, hawk, kiwi, lark, ostrich, parakeet, penguin, pheasant, rhea, skimmer, skua, sparrow, swan, vulture, wren"
